mean_fit_time,std_fit_time,mean_score_time,std_score_time,param_max_depth,param_max_features,param_min_samples_leaf,param_n_estimators,params,split0_test_score,split1_test_score,split2_test_score,split3_test_score,split4_test_score,mean_test_score,std_test_score,rank_test_score,split0_train_score,split1_train_score,split2_train_score,split3_train_score,split4_train_score,mean_train_score,std_train_score
2.07287392616272,0.2879744170732064,0.12590475082397462,0.02459970660662971,5,sqrt,1,200,"{'max_depth': 5, 'max_features': 'sqrt', 'min_samples_leaf': 1, 'n_estimators': 200}",0.6843997747259888,0.6835057821059038,0.6841899804814574,0.6831570666899747,0.6841280891054646,0.6838761386217579,0.00046699013280963886,1,0.68588102573003,0.68549070753179,0.6856018609100197,0.6837782340862423,0.6854041144221896,0.6852311885360544,0.0007440452260403573
0.94362473487854,0.016315748995178823,0.06624507904052734,0.009011917551882985,5,sqrt,1,100,"{'max_depth': 5, 'max_features': 'sqrt', 'min_samples_leaf': 1, 'n_estimators': 100}",0.6839000693962526,0.6835487099160249,0.684201403934483,0.6829843961711614,0.6843226788432268,0.6837914516522298,0.00048421547197796655,2,0.6854970950752023,0.6853444994290064,0.6859307664752559,0.6836161894152851,0.6855139781212016,0.6851805057031902,0.0008060152977280472
1.174558973312378,0.2774430792398016,0.07249493598937988,0.01300548840247257,5,sqrt,10,100,"{'max_depth': 5, 'max_features': 'sqrt', 'min_samples_leaf': 10, 'n_estimators': 100}",0.6841649341649342,0.6835487099160249,0.6839180270927405,0.6829843961711614,0.6843226788432268,0.6837877492376175,0.0004791464115569785,3,0.6858809624497143,0.6853444994290064,0.6854376325953326,0.6836161894152851,0.6855139781212016,0.685158652402108,0.0007924076353569057
2.0329421520233155,0.3286748783273684,0.12818922996520996,0.026149608035367856,5,sqrt,10,200,"{'max_depth': 5, 'max_features': 'sqrt', 'min_samples_leaf': 10, 'n_estimators': 200}",0.6842059639389736,0.6835057821059038,0.6836300477637863,0.6823652996016982,0.6841280891054646,0.6835670365031653,0.0006595304983504567,4,0.685700023873082,0.68549070753179,0.685239800193712,0.6834736957235044,0.6854041144221896,0.6850616683488556,0.0008077412607960749
1.3486914157867431,0.061147987070522464,0.103125,0.023581991985150246,10,sqrt,10,100,"{'max_depth': 10, 'max_features': 'sqrt', 'min_samples_leaf': 10, 'n_estimators': 100}",0.6581306017925737,0.6543686543686543,0.6470046975640467,0.6423573469991131,0.6471755651289994,0.6498073731706775,0.005663315547285144,5,0.6632730193225304,0.6598837904402095,0.6553269850500352,0.6484586929716399,0.6559440390177783,0.6565773053604387,0.004972758254808026
3.0878961086273193,0.5598496071874607,0.20108246803283691,0.04461305289422237,10,sqrt,1,200,"{'max_depth': 10, 'max_features': 'sqrt', 'min_samples_leaf': 1, 'n_estimators': 200}",0.6597510373443983,0.6488704383085537,0.6451487458681703,0.6415802469135803,0.6498028277387708,0.6490306592346947,0.006101250968427505,6,0.6649824924212159,0.6556940578482391,0.6537174291382185,0.6477724790590793,0.6581681739465076,0.6560669264826522,0.005627780801731365
3.0184131145477293,0.49590316807263185,0.19090094566345214,0.044827940995960595,10,sqrt,10,200,"{'max_depth': 10, 'max_features': 'sqrt', 'min_samples_leaf': 10, 'n_estimators': 200}",0.6592294965729142,0.6488704383085537,0.6451487458681703,0.642071516646116,0.6498028277387708,0.6490246050269051,0.005798912513248192,7,0.6643433213633956,0.6556940578482391,0.6537174291382185,0.648276542722495,0.6581681739465076,0.6560399050037712,0.005277490885739173
1.5983170032501222,0.2714069843867232,0.15544624328613282,0.1189375553763903,10,sqrt,1,100,"{'max_depth': 10, 'max_features': 'sqrt', 'min_samples_leaf': 1, 'n_estimators': 100}",0.6551707620826747,0.6539800639099538,0.6438316117715844,0.6384481472270579,0.6476475992456845,0.6478156368473911,0.00625697342912137,8,0.65988697870717,0.6597210593048013,0.6531438184167541,0.6446639183988642,0.6564830144899513,0.6547797578635082,0.005628636669089175
1.6346299648284912,0.4099643805689161,0.11937623023986817,0.025548192272502473,,sqrt,1,100,"{'max_depth': None, 'max_features': 'sqrt', 'min_samples_leaf': 1, 'n_estimators': 100}",0.6425686989067271,0.6475636363636363,0.646933436682492,0.6380502362596369,0.6404450132913262,0.6431122043007637,0.003672870560449972,9,0.651000955624709,0.6540930979133226,0.6551586195192319,0.6451749418105326,0.6505612313896163,0.6511977692514825,0.003486821743087412
1.6263489723205566,0.37699937855565974,0.11830120086669922,0.030592792070603586,,sqrt,10,100,"{'max_depth': None, 'max_features': 'sqrt', 'min_samples_leaf': 10, 'n_estimators': 100}",0.6425686989067271,0.6475636363636363,0.646933436682492,0.6380502362596369,0.6404450132913262,0.6431122043007637,0.003672870560449972,9,0.651000955624709,0.6540930979133226,0.6551586195192319,0.6451749418105326,0.6505612313896163,0.6511977692514825,0.003486821743087412
2.9845351219177245,0.23920817439935338,0.22328925132751465,0.05506696162387688,,sqrt,1,200,"{'max_depth': None, 'max_features': 'sqrt', 'min_samples_leaf': 1, 'n_estimators': 200}",0.6434089455296954,0.6495183044315992,0.64482421875,0.6360636063606361,0.6392739111133035,0.6426177972370468,0.004631418864858618,11,0.651537209899803,0.6563398661221334,0.6522903142993361,0.643085206285607,0.6498201172933813,0.6506145427800522,0.004330378091357595
3.0192800998687743,0.439189358943485,0.20153250694274902,0.011690667390119867,,sqrt,10,200,"{'max_depth': None, 'max_features': 'sqrt', 'min_samples_leaf': 10, 'n_estimators': 200}",0.6434089455296954,0.6495183044315992,0.64482421875,0.6360636063606361,0.6390287237192774,0.6425687597582417,0.004667720095391188,12,0.651537209899803,0.6563398661221334,0.6522903142993361,0.643085206285607,0.6496826277192334,0.6505870448652226,0.004335768564410652
