mean_fit_time,std_fit_time,mean_score_time,std_score_time,param_C,param_class_weight,param_penalty,param_solver,params,split0_test_score,split1_test_score,split2_test_score,split3_test_score,split4_test_score,mean_test_score,std_test_score,rank_test_score,split0_train_score,split1_train_score,split2_train_score,split3_train_score,split4_train_score,mean_train_score,std_train_score
0.12396225929260254,0.022652473112435765,0.013350105285644532,0.0027314413109425983,0.01,,l1,liblinear,"{'C': 0.01, 'class_weight': None, 'penalty': 'l1', 'solver': 'liblinear'}",0.6903751485316585,0.6903751485316585,0.6903751485316585,0.6903751485316585,0.6903751485316585,0.6903751485316585,0.0,1,0.6903751485316585,0.6903751485316585,0.6903751485316585,0.6903751485316585,0.6903751485316585,0.6903751485316585,0.0
0.1604990005493164,0.012366570470160838,0.016492748260498048,0.0035770844556333972,0.1,,l1,liblinear,"{'C': 0.1, 'class_weight': None, 'penalty': 'l1', 'solver': 'liblinear'}",0.6854856060932054,0.687178166838311,0.685117222917836,0.6865979381443299,0.6875563377258874,0.686387054343914,0.0009447365117098882,2,0.6866576384858452,0.6874510014498201,0.6849025238023273,0.6862235026013673,0.687572390716829,0.6865614114112377,0.0009683800602811652
0.11408233642578125,0.0248987669811574,0.0172213077545166,0.005613617729912383,0.01,,l2,liblinear,"{'C': 0.01, 'class_weight': None, 'penalty': 'l2', 'solver': 'liblinear'}",0.6854682454251884,0.6866864286634876,0.6848154869933454,0.6864388566516226,0.6873816491650887,0.6861581333797464,0.0009092345184756126,3,0.6865950992836091,0.6871446535472846,0.6847598262710949,0.6860952790622648,0.6865982928035435,0.6862386301935594,0.0008105203650269042
0.09985313415527344,0.020159952821354448,0.014081811904907227,0.0043985784731580485,0.1,,l2,liblinear,"{'C': 0.1, 'class_weight': None, 'penalty': 'l2', 'solver': 'liblinear'}",0.6841582018586557,0.6851052813255092,0.6830753174465124,0.684085510688836,0.6842743332178732,0.6841397289074773,0.0006460127577278477,4,0.6855254918050487,0.685992423670095,0.6826439807663018,0.6847082473224032,0.6843968176652054,0.6846533922458108,0.001154134904182946
0.13198285102844237,0.012737175209047132,0.011726951599121094,0.00233996979912982,1.0,,l1,liblinear,"{'C': 1, 'class_weight': None, 'penalty': 'l1', 'solver': 'liblinear'}",0.6841582018586557,0.6851052813255092,0.6830753174465124,0.684085510688836,0.6842743332178732,0.6841397289074773,0.0006460127577278477,4,0.6855254918050487,0.685992423670095,0.6826439807663018,0.6847082473224032,0.6843968176652054,0.6846533922458108,0.001154134904182946
0.0719419002532959,0.008126534168948088,0.009912824630737305,0.0020048668846922267,1.0,,l2,liblinear,"{'C': 1, 'class_weight': None, 'penalty': 'l2', 'solver': 'liblinear'}",0.6842196281884998,0.6847835479132464,0.6827144909241283,0.6840309273897456,0.6842743332178732,0.6840045855266986,0.0006914951251129143,6,0.6854896200125294,0.6855111456881369,0.6823793246097237,0.684544599314439,0.6843968176652054,0.6844643014580069,0.0011406394036960067
0.0892859935760498,0.004758075399805808,0.009022378921508789,0.00016782450258524294,10.0,,l1,liblinear,"{'C': 10, 'class_weight': None, 'penalty': 'l1', 'solver': 'liblinear'}",0.6842196281884998,0.6847835479132464,0.6827144909241283,0.6840309273897456,0.6842743332178732,0.6840045855266986,0.0006914951251129143,6,0.6854896200125294,0.6855111456881369,0.6823793246097237,0.684544599314439,0.6843968176652054,0.6844643014580069,0.0011406394036960067
0.07446246147155762,0.012859067488821402,0.008878183364868165,0.0009457978475860715,10.0,,l2,liblinear,"{'C': 10, 'class_weight': None, 'penalty': 'l2', 'solver': 'liblinear'}",0.6842196281884998,0.6847835479132464,0.682404181184669,0.6840309273897456,0.6842743332178732,0.6839425235788068,0.0008085195220649028,8,0.6854896200125294,0.6855111456881369,0.682156862745098,0.684544599314439,0.6843968176652054,0.6844198090850817,0.0012225005804523067
0.07587575912475586,0.014393363048684627,0.008877897262573242,0.00028450494538625294,100.0,,l2,liblinear,"{'C': 100, 'class_weight': None, 'penalty': 'l2', 'solver': 'liblinear'}",0.6842196281884998,0.6847835479132464,0.682404181184669,0.6840309273897456,0.6842743332178732,0.6839425235788068,0.0008085195220649028,8,0.6854896200125294,0.6855111456881369,0.682156862745098,0.684544599314439,0.6843968176652054,0.6844198090850817,0.0012225005804523067
0.0867767333984375,0.0029978496537682105,0.009518194198608398,0.0005721296897186504,100.0,,l1,liblinear,"{'C': 100, 'class_weight': None, 'penalty': 'l1', 'solver': 'liblinear'}",0.6842196281884998,0.6847835479132464,0.682404181184669,0.6840309273897456,0.6842743332178732,0.6839425235788068,0.0008085195220649028,8,0.6854896200125294,0.6855111456881369,0.682156862745098,0.684544599314439,0.6843968176652054,0.6844198090850817,0.0012225005804523067
0.15811605453491212,0.01922360998731013,0.01584200859069824,0.0004617187241287721,0.01,balanced,l1,liblinear,"{'C': 0.01, 'class_weight': 'balanced', 'penalty': 'l1', 'solver': 'liblinear'}",0.5419308096359355,0.5341877683070989,0.5227600929239656,0.5267361327759406,0.5405405405405406,0.5332310688366964,0.007508057957131226,11,0.5465806684951324,0.5313156134811888,0.5258267371648468,0.5248331400996459,0.5391712084766921,0.5335454735435012,0.008270684641347828
0.09698562622070313,0.004862369997762258,0.008732080459594727,8.895703591371195e-05,1.0,balanced,l1,liblinear,"{'C': 1, 'class_weight': 'balanced', 'penalty': 'l1', 'solver': 'liblinear'}",0.5081420443398077,0.49499361602042874,0.49966759739396355,0.48747867621972024,0.5114668409016662,0.5003497549751172,0.008707785078151955,12,0.5135486809147393,0.49084643187358157,0.5000415675972266,0.48188716821756,0.5072805981896891,0.4987208893585594,0.011315983888756476
0.15616350173950194,0.05646747837446849,0.009687280654907227,0.0025165918901879883,0.1,balanced,l1,liblinear,"{'C': 0.1, 'class_weight': 'balanced', 'penalty': 'l1', 'solver': 'liblinear'}",0.508578511318416,0.49526623245820184,0.5009945630552977,0.48330924358180194,0.5114668409016662,0.4999230782630767,0.010070042428496755,13,0.5148309210099306,0.49377426697014326,0.5026426098049936,0.4763159719814134,0.5072805981896891,0.498968873591234,0.013223642018550884
0.07615494728088379,0.006679519939446675,0.008180809020996094,0.00022764624434780506,1.0,balanced,l2,liblinear,"{'C': 1, 'class_weight': 'balanced', 'penalty': 'l2', 'solver': 'liblinear'}",0.5075584058634907,0.49499361602042874,0.49966759739396355,0.48747867621972024,0.5042050195351301,0.49878066300654667,0.007061666888547821,14,0.5127929512548656,0.49084643187358157,0.5000415675972266,0.48188716821756,0.4989015378470142,0.49689393135804966,0.010280973897033897
0.09588494300842285,0.0015452263333146274,0.009739923477172851,0.0008475925736718538,10.0,balanced,l1,liblinear,"{'C': 10, 'class_weight': 'balanced', 'penalty': 'l1', 'solver': 'liblinear'}",0.5075584058634907,0.49499361602042874,0.49966759739396355,0.48747867621972024,0.5042050195351301,0.49878066300654667,0.007061666888547821,14,0.5127929512548656,0.49084643187358157,0.5000415675972266,0.48188716821756,0.4989015378470142,0.49689393135804966,0.010280973897033897
0.10379495620727539,0.004901251553787931,0.012272357940673828,0.0037454180142716892,0.1,balanced,l2,liblinear,"{'C': 0.1, 'class_weight': 'balanced', 'penalty': 'l2', 'solver': 'liblinear'}",0.5075584058634907,0.49499361602042874,0.49966759739396355,0.48747867621972024,0.5042050195351301,0.49878066300654667,0.007061666888547821,14,0.5127929512548656,0.49084643187358157,0.5000415675972266,0.48188716821756,0.4989015378470142,0.49689393135804966,0.010280973897033897
0.09571080207824707,0.002087482037298715,0.008915519714355469,0.00035992155769218223,100.0,balanced,l1,liblinear,"{'C': 100, 'class_weight': 'balanced', 'penalty': 'l1', 'solver': 'liblinear'}",0.5075584058634907,0.49499361602042874,0.49966759739396355,0.48747867621972024,0.5042050195351301,0.49878066300654667,0.007061666888547821,14,0.5127929512548656,0.49084643187358157,0.5000415675972266,0.48188716821756,0.4989015378470142,0.49689393135804966,0.010280973897033897
0.07812232971191406,0.007212161421027041,0.008366632461547851,0.00022608415102472114,10.0,balanced,l2,liblinear,"{'C': 10, 'class_weight': 'balanced', 'penalty': 'l2', 'solver': 'liblinear'}",0.5075584058634907,0.49499361602042874,0.49966759739396355,0.48747867621972024,0.5042050195351301,0.49878066300654667,0.007061666888547821,14,0.5127929512548656,0.49084643187358157,0.5000415675972266,0.48188716821756,0.4989015378470142,0.49689393135804966,0.010280973897033897
0.06639761924743652,0.012973906816814797,0.007399749755859375,0.001408681339407896,100.0,balanced,l2,liblinear,"{'C': 100, 'class_weight': 'balanced', 'penalty': 'l2', 'solver': 'liblinear'}",0.5075584058634907,0.49499361602042874,0.49966759739396355,0.48747867621972024,0.5042050195351301,0.49878066300654667,0.007061666888547821,14,0.5127929512548656,0.49084643187358157,0.5000415675972266,0.48188716821756,0.4989015378470142,0.49689393135804966,0.010280973897033897
0.1304924488067627,0.02530619721780342,0.015044546127319336,0.0036941131329333507,0.01,balanced,l2,liblinear,"{'C': 0.01, 'class_weight': 'balanced', 'penalty': 'l2', 'solver': 'liblinear'}",0.508622942252417,0.4871934604904632,0.49458750756404224,0.4883435582822086,0.5114668409016662,0.4980428618981595,0.01015742868744996,20,0.5141984534407694,0.48493295035436884,0.4938279909858397,0.482387055815789,0.5072805981896891,0.49652540975729115,0.012406166099699674
