Feature,F_Score,P_Value,Selected
Index_IXIC,42.011222493245775,9.129602296449426e-11,True
Day,14.685516245701251,0.00012711925788905682,True
Index_399001.SZ,9.671010222070803,0.0018726650698083532,True
Volume_Available,8.992050535280052,0.002712429768052705,True
Index_TWII,6.773950200775546,0.009251556958636274,True
Open,5.800144543908348,0.01602718692932513,False
High,5.799203343362963,0.01603576790877139,False
Adj Close,5.772735629352416,0.01627902476368161,False
Low,5.770927324365733,0.016295782559436003,False
Close,5.7602916938772895,0.016394704898652638,False
Index_N225,4.745311454323657,0.029381252193237718,False
Month,4.220618357032619,0.03993896554827095,False
Index_GSPTSE,2.7390836771877485,0.09792496966149293,False
Year,2.579715081204796,0.10824523635796005,False
Index_N100,1.1660685767822585,0.28021389293704535,False
Index_NYA,1.098090331585172,0.29468886179142767,False
Index_SSMI,0.912364107009226,0.339490921661345,False
Volume,0.7149653853103899,0.3978029585825693,False
Index_000001.SS,0.6547483793189354,0.4184226037329095,False
Index_HSI,0.6530530073152461,0.41902575179878865,False
Index_NSEI,0.6426866293802946,0.42274207013570453,False
Index_GDAXI,0.542309686891187,0.46147932968712435,False
Index_KS11,0.2884305382216691,0.5912295868551095,False
Day_of_Week,0.2714453251654202,0.6023653752007849,False
Index_J203.JO,9.349155221586693e-06,0.9975603694548799,False
