Index,Feature,Q1,Q3,IQR,Lower_Bound,Upper_Bound
000001.SS,Open,1423.23977625,2437.562317,1014.3225407499999,0.0,3959.046128125
000001.SS,High,1433.4512635,2454.56420925,1021.1129457500001,0.0,3986.2336278750004
000001.SS,Low,1409.68197625,2418.96051,1009.27853375,0.0,3932.878310625
000001.SS,Close,1422.2412104999999,2439.50317375,1017.26196325,0.0,3965.396118625
000001.SS,Adj Close,1422.2412104999999,2439.50317375,1017.26196325,0.0,3965.396118625
000001.SS,Volume,26400.0,105400.0,79000.0,0.0,223900.0
399001.SZ,Open,3382.3449705000003,9733.5698245,6351.224854,0.0,19260.407105500002
399001.SZ,High,3405.0250244999997,9855.6103515,6450.585327,0.0,19531.488341999997
399001.SZ,Low,3351.130005,9618.765136999999,6267.6351319999985,0.0,19020.217834999996
399001.SZ,Close,3380.0250244999997,9753.6352535,6373.610229000001,0.0,19314.050597
399001.SZ,Adj Close,3379.9871825,9753.5258785,6373.5386960000005,0.0,19313.8339225
399001.SZ,Volume,38100.0,97100.0,59000.0,0.0,185600.0
GDAXI,Open,1994.48999,5679.509766,3685.019776,0.0,11207.03943
GDAXI,High,2007.5,5729.580078,3722.080078,0.0,11312.700195000001
GDAXI,Low,1979.26001,5632.77002,3653.51001,0.0,11113.035035
GDAXI,Close,1995.219971,5681.850098,3686.630127,0.0,11211.7952885
GDAXI,Adj Close,1995.219971,5681.850098,3686.630127,0.0,11211.7952885
GDAXI,Volume,73576750.0,127623525.0,54046775.0,0.0,208693687.5
GSPTSE,Open,3052.0,7581.600098,4529.600098,0.0,14376.000245
GSPTSE,High,3061.300049,7615.600097500001,4554.300048500001,0.0,14447.050170250002
GSPTSE,Low,3044.5,7556.4001465,4511.9001465,0.0,14324.25036625
GSPTSE,Close,3054.7000735,7580.5,4525.7999265,0.0,14369.19988975
GSPTSE,Adj Close,3046.942505,7580.5,4533.557495,0.0,14380.8362425
GSPTSE,Volume,26170000.0,10879835000.0,10853665000.0,0.0,27160332500.0
HSI,Open,6058.399902499999,15036.274905,8977.8750025,0.0,28503.08740875
HSI,High,6101.5,15161.740235000001,9060.240235000001,0.0,28752.100587500005
HSI,Low,5998.399902,14865.734864999999,8867.334962999998,0.0,28166.737309499993
HSI,Close,6059.6999510000005,15034.20996,8974.510009,0.0,28495.9749735
HSI,Adj Close,6059.6999510000005,15034.20996,8974.510009,0.0,28495.9749735
HSI,Volume,268252500.0,1722863400.0,1454610900.0,0.0,3904779750.0
IXIC,Open,143.54249975,1314.5875245,1171.04502475,0.0,3071.1550616249997
IXIC,High,143.54249975,1330.5875247499998,1187.045025,0.0,3111.15506225
IXIC,Low,143.54249975,1302.63497925,1159.0924795,0.0,3041.2736985
IXIC,Close,143.54249975,1316.367523,1172.82502325,0.0,3075.605057875
IXIC,Adj Close,143.54249975,1316.367523,1172.82502325,0.0,3075.605057875
IXIC,Volume,144070000.0,1438040000.0,1293970000.0,0.0,3378995000.0
J203.JO,Open,43545.82813,52985.30859,9439.480459999999,29386.607440000003,67144.52928
J203.JO,High,43762.87109,53247.48828,9484.617189999997,29535.945305000005,67474.41406499999
J203.JO,Low,43321.35938,52732.55859,9411.199209999999,29204.560565000003,66849.357405
J203.JO,Close,43594.92188,52988.32031,9393.398430000001,29504.824235,67078.41795500001
J203.JO,Adj Close,43594.92188,52988.32031,9393.398430000001,29504.824235,67078.41795500001
J203.JO,Volume,0.0,0.0,0.0,0.0,0.0
KS11,Open,710.3599855,1737.6400145,1027.280029,0.0,3278.560058
KS11,High,716.449982,1747.784973,1031.3349910000002,0.0,3294.7874595000003
KS11,Low,701.6349795,1723.590027,1021.9550475,0.0,3256.5225982499996
KS11,Close,709.799988,1736.9000245,1027.1000365,0.0,3277.5500792499997
KS11,Adj Close,709.799988,1736.9000245,1027.1000365,0.0,3277.5500792499997
KS11,Volume,263400.0,469600.0,206200.0,0.0,778900.0
N100,Open,629.61499,849.63501,220.02001999999993,299.58496000000014,1179.6650399999999
N100,High,633.299988,853.6500245,220.3500365,302.77493325,1184.17507925
N100,Low,625.4250185000001,845.0450135,219.6199949999999,295.9950260000002,1174.475006
N100,Close,629.5599975,849.6949764999999,220.13497899999993,299.3575290000001,1179.8974449999998
N100,Adj Close,629.5599975,849.6949764999999,220.13497899999993,299.3575290000001,1179.8974449999998
N100,Volume,230278050.0,342973875.0,112695825.0,61234312.5,512017612.5
N225,Open,4543.435058499999,18000.25,13456.8149415,0.0,38185.472412250005
N225,High,4543.435058499999,18133.810550000002,13590.375491500003,0.0,38519.373787250006
N225,Low,4543.435058499999,17848.30078,13304.865721500002,0.0,37805.59936225001
N225,Close,4543.435058499999,17991.480470000002,13448.045411500003,0.0,38163.54858725001
N225,Adj Close,4543.435058499999,17991.480470000002,13448.045411500003,0.0,38163.54858725001
N225,Volume,50400000.0,82300000.0,31900000.0,2550000.0,130150000.0
NSEI,Open,5093.899902,7734.350098,2640.450196,1133.2246080000004,11695.025392
NSEI,High,5132.200195,7777.549805,2645.3496099999993,1164.1757800000014,11745.574219999999
NSEI,Low,5037.950195,7702.0,2664.0498049999997,1041.8754875000009,11698.0747075
NSEI,Close,5088.700195,7739.549805,2650.8496099999993,1112.4257800000014,11715.824219999999
NSEI,Adj Close,5088.700195,7739.549805,2650.8496099999993,1112.4257800000014,11715.824219999999
NSEI,Volume,137550.0,194350.0,56800.0,52350.0,279550.0
NYA,Open,587.580017,2782.1049805000002,2194.5249635,0.0,6073.89242575
NYA,High,587.580017,2783.109985,2195.529968,0.0,6076.404936999999
NYA,Low,587.580017,2782.1049805000002,2194.5249635,0.0,6073.89242575
NYA,Close,587.580017,2782.1049805000002,2194.5249635,0.0,6073.89242575
NYA,Adj Close,587.580017,2782.529907,2194.94989,0.0,6074.954742
NYA,Volume,1204200000.0,1491000000.0,286800000.0,774000000.0,1921200000.0
SSMI,Open,3521.100098,7040.600098,3519.5,0.0,12319.850097999999
SSMI,High,3553.399902,7095.100098,3541.700196,0.0,12407.650392
SSMI,Low,3502.199951,6985.5,3483.300049,0.0,12210.4500735
SSMI,Close,3534.100098,7037.100098,3503.0,0.0,12291.600097999999
SSMI,Adj Close,3534.100098,7037.100098,3503.0,0.0,12291.600097999999
SSMI,Volume,46917800.0,78424450.0,31506650.0,0.0,125684425.0
TWII,Open,5924.7600095,8074.5400389999995,2149.7800294999997,2700.08996525,11299.21008325
TWII,High,5965.294922,8108.994873,2143.6999509999996,2749.7449955000006,11324.5447995
TWII,Low,5879.534911999999,8008.3850095,2128.8500975000006,2686.259765749998,11201.66015575
TWII,Close,5917.625,8055.580078,2137.955078,2710.692383,11262.512695
TWII,Adj Close,5917.6030275,8055.5493165,2137.9462889999995,2710.683594000001,11262.46875
TWII,Volume,2434800.0,4360400.0,1925600.0,0.0,7248800.0
