mean_fit_time,std_fit_time,mean_score_time,std_score_time,param_C,param_class_weight,param_loss,params,split0_test_score,split1_test_score,split2_test_score,split3_test_score,split4_test_score,mean_test_score,std_test_score,rank_test_score,split0_train_score,split1_train_score,split2_train_score,split3_train_score,split4_train_score,mean_train_score,std_train_score
0.08736867904663086,0.013338636319136435,0.008385181427001953,0.00018789780168659004,0.001,,hinge,"{'C': 0.001, 'class_weight': None, 'loss': 'hinge'}",0.6903751485316585,0.6903751485316585,0.6903751485316585,0.6903751485316585,0.6903751485316585,0.6903751485316585,0.0,1,0.6903751485316585,0.6903751485316585,0.6903751485316585,0.6903751485316585,0.6903751485316585,0.6903751485316585,0.0
0.14787640571594238,0.026760272228758295,0.013947534561157226,0.004351078577535624,0.01,,hinge,"{'C': 0.01, 'class_weight': None, 'loss': 'hinge'}",0.6903751485316585,0.6903751485316585,0.6903751485316585,0.6903751485316585,0.6903751485316585,0.6903751485316585,0.0,1,0.6903751485316585,0.6903751485316585,0.6903751485316585,0.6903751485316585,0.6903751485316585,0.6903751485316585,0.0
0.17574687004089357,0.03484520138650963,0.017244434356689452,0.004074789043773122,0.1,,hinge,"{'C': 0.1, 'class_weight': None, 'loss': 'hinge'}",0.6903751485316585,0.6903751485316585,0.6903751485316585,0.6903751485316585,0.6903751485316585,0.6903751485316585,0.0,1,0.6903751485316585,0.6903751485316585,0.6903751485316585,0.6903751485316585,0.6903751485316585,0.6903751485316585,0.0
0.1583810806274414,0.012282038888048795,0.008709239959716796,0.00043771099086825914,1.0,,hinge,"{'C': 1, 'class_weight': None, 'loss': 'hinge'}",0.6903751485316585,0.6903751485316585,0.6903751485316585,0.6784570149646728,0.6903751485316585,0.6879915218182614,0.004767253426794271,4,0.6903751485316585,0.6903751485316585,0.6903751485316585,0.6793477066438101,0.6903751485316585,0.6881696601540888,0.004410976755139373
0.8685403823852539,0.23783845011534077,0.00864715576171875,0.00024427634616706,10.0,,hinge,"{'C': 10, 'class_weight': None, 'loss': 'hinge'}",0.6903751485316585,0.6903751485316585,0.6903751485316585,0.6784570149646728,0.6903751485316585,0.6879915218182614,0.004767253426794271,4,0.6903751485316585,0.6903751485316585,0.6903751485316585,0.6793477066438101,0.6903751485316585,0.6881696601540888,0.004410976755139373
0.06561589241027832,0.007817889615336747,0.016921043395996094,0.007209985478693354,0.001,,squared_hinge,"{'C': 0.001, 'class_weight': None, 'loss': 'squared_hinge'}",0.6855470431264526,0.686901644270811,0.68570935450466,0.6869554019830879,0.6877657061880019,0.6865758300146027,0.0008336926756774911,6,0.6865591397849462,0.6872649921574525,0.6853186073601104,0.6866245595943972,0.6874658026585415,0.6866466203110895,0.0007516916088922203
0.11978340148925781,0.008507200377990095,0.017162418365478514,0.0012957774469070813,0.01,,squared_hinge,"{'C': 0.01, 'class_weight': None, 'loss': 'squared_hinge'}",0.6841582018586557,0.6851052813255092,0.6830753174465124,0.684085510688836,0.684385957317865,0.6841620537274757,0.0006521779722592269,7,0.6855254918050487,0.685992423670095,0.6826439807663018,0.6847082473224032,0.6844035704625372,0.6846547428052772,0.001153837785236531
0.11206088066101075,0.020076692274469718,0.01830716133117676,0.004015744024030593,0.1,,squared_hinge,"{'C': 0.1, 'class_weight': None, 'loss': 'squared_hinge'}",0.6842196281884998,0.6847835479132464,0.6827144909241283,0.6840309273897456,0.6842743332178732,0.6840045855266986,0.0006914951251129143,8,0.6854896200125294,0.6855111456881369,0.6823793246097237,0.684544599314439,0.6843968176652054,0.6844643014580069,0.0011406394036960067
0.061068153381347655,0.004268642116379301,0.01122579574584961,0.004670106706268864,1.0,,squared_hinge,"{'C': 1, 'class_weight': None, 'loss': 'squared_hinge'}",0.6842196281884998,0.6847835479132464,0.6827144909241283,0.6840309273897456,0.6842743332178732,0.6840045855266986,0.0006914951251129143,8,0.6854896200125294,0.6855111456881369,0.6823793246097237,0.684544599314439,0.6843968176652054,0.6844643014580069,0.0011406394036960067
0.1421900749206543,0.06119171704723742,0.01637444496154785,0.00900578977798154,10.0,,squared_hinge,"{'C': 10, 'class_weight': None, 'loss': 'squared_hinge'}",0.6842196281884998,0.6847835479132464,0.682404181184669,0.6840309273897456,0.6842743332178732,0.6839425235788068,0.0008085195220649028,10,0.6854896200125294,0.6855111456881369,0.682156862745098,0.684544599314439,0.6843968176652054,0.6844198090850817,0.0012225005804523067
0.12554545402526857,0.038233039899768874,0.015749025344848632,0.003044432895833064,0.001,balanced,hinge,"{'C': 0.001, 'class_weight': 'balanced', 'loss': 'hinge'}",0.511043412033511,0.5056289451421878,0.5019536337587913,0.5034663178548071,0.5035465608121299,0.5051277739202854,0.003180622071106141,11,0.5177520410100627,0.5056276493803901,0.5028513702870923,0.49596157325919954,0.5032373515536034,0.5050859970980696,0.007104761970681825
0.09864907264709473,0.02192266892122249,0.014375591278076172,0.00565256760243655,0.01,balanced,squared_hinge,"{'C': 0.01, 'class_weight': 'balanced', 'loss': 'squared_hinge'}",0.5081420443398077,0.49499361602042874,0.49966759739396355,0.48747867621972024,0.5042050195351301,0.49889739070181005,0.0072090812209872155,12,0.5135486809147393,0.49084643187358157,0.5000415675972266,0.48188716821756,0.4989015378470142,0.4970450772900244,0.010516460859152223
0.06238069534301758,0.007974232119631245,0.008770132064819336,0.00036699280496704144,1.0,balanced,squared_hinge,"{'C': 1, 'class_weight': 'balanced', 'loss': 'squared_hinge'}",0.5075584058634907,0.49499361602042874,0.49966759739396355,0.48747867621972024,0.5042050195351301,0.49878066300654667,0.007061666888547821,13,0.5127929512548656,0.49084643187358157,0.5000415675972266,0.48188716821756,0.4989015378470142,0.49689393135804966,0.010280973897033897
0.0580960750579834,0.011645855106686096,0.007775592803955078,0.0011287936064994673,10.0,balanced,squared_hinge,"{'C': 10, 'class_weight': 'balanced', 'loss': 'squared_hinge'}",0.5075584058634907,0.49499361602042874,0.49966759739396355,0.48747867621972024,0.5042050195351301,0.49878066300654667,0.007061666888547821,13,0.5127929512548656,0.49084643187358157,0.5000415675972266,0.48188716821756,0.4989015378470142,0.49689393135804966,0.010280973897033897
0.06380729675292969,0.005763444711692307,0.008636999130249023,0.0005867702672934666,0.1,balanced,squared_hinge,"{'C': 0.1, 'class_weight': 'balanced', 'loss': 'squared_hinge'}",0.5075584058634907,0.49499361602042874,0.49966759739396355,0.48747867621972024,0.5042050195351301,0.49878066300654667,0.007061666888547821,13,0.5127929512548656,0.49084643187358157,0.5000415675972266,0.48188716821756,0.4989015378470142,0.49689393135804966,0.010280973897033897
0.12135128974914551,0.011964837852902923,0.016673898696899413,0.004578893331566237,0.001,balanced,squared_hinge,"{'C': 0.001, 'class_weight': 'balanced', 'loss': 'squared_hinge'}",0.508622942252417,0.4871934604904632,0.49458750756404224,0.4883435582822086,0.5114668409016662,0.4980428618981595,0.01015742868744996,16,0.5141984534407694,0.48493295035436884,0.4938279909858397,0.482387055815789,0.5072805981896891,0.49652540975729115,0.012406166099699674
0.16468796730041504,0.02119878480897896,0.01245584487915039,0.0036584159503551704,0.01,balanced,hinge,"{'C': 0.01, 'class_weight': 'balanced', 'loss': 'hinge'}",0.4720693450742983,0.19832204589103405,0.19650257758010714,0.19776457557144295,0.20535534527884033,0.2540027778791446,0.1090769937015527,17,0.4798382259695303,0.2011145011220656,0.20156837035729594,0.20125690921481032,0.19935382906759555,0.2566263671462595,0.11160860602017739
0.12357640266418457,0.023362311659160577,0.011676645278930664,0.0040512953585491885,0.1,balanced,hinge,"{'C': 0.1, 'class_weight': 'balanced', 'loss': 'hinge'}",0.20482779517220484,0.19832204589103405,0.19650257758010714,0.19776457557144295,0.20535534527884033,0.20055446789872589,0.0037548574401041917,18,0.19949055509318805,0.2011145011220656,0.20156837035729594,0.20125690921481032,0.19935382906759555,0.20055683297099108,0.000938986187550425
0.1850424289703369,0.03402895995626683,0.009340286254882812,0.0011677603859043424,1.0,balanced,hinge,"{'C': 1, 'class_weight': 'balanced', 'loss': 'hinge'}",0.20482779517220484,0.19832204589103405,0.19650257758010714,0.19776457557144295,0.20535534527884033,0.20055446789872589,0.0037548574401041917,18,0.19949055509318805,0.2011145011220656,0.20156837035729594,0.20125690921481032,0.19935382906759555,0.20055683297099108,0.000938986187550425
0.800340986251831,0.07110585002334083,0.011037921905517578,0.005402962800874342,10.0,balanced,hinge,"{'C': 10, 'class_weight': 'balanced', 'loss': 'hinge'}",0.20482779517220484,0.19832204589103405,0.19650257758010714,0.19776457557144295,0.20535534527884033,0.20055446789872589,0.0037548574401041917,18,0.19949055509318805,0.2011145011220656,0.20156837035729594,0.20125690921481032,0.19935382906759555,0.20055683297099108,0.000938986187550425
