mean_fit_time,std_fit_time,mean_score_time,std_score_time,param_class_weight,param_criterion,param_max_depth,param_min_samples_leaf,params,split0_test_score,split1_test_score,split2_test_score,split3_test_score,split4_test_score,mean_test_score,std_test_score,rank_test_score,split0_train_score,split1_train_score,split2_train_score,split3_train_score,split4_train_score,mean_train_score,std_train_score
0.04012141227722168,0.001485411699243987,0.010802173614501953,0.0005080649372531405,,gini,3,1,"{'class_weight': None, 'criterion': 'gini', 'max_depth': 3, 'min_samples_leaf': 1}",0.6903751485316585,0.6903751485316585,0.6903751485316585,0.6903751485316585,0.6903751485316585,0.6903751485316585,0.0,1,0.6903751485316585,0.6903751485316585,0.6903751485316585,0.6903751485316585,0.6903751485316585,0.6903751485316585,0.0
0.03744716644287109,0.0024744174405240114,0.011316204071044922,0.0011847791677276165,,gini,3,10,"{'class_weight': None, 'criterion': 'gini', 'max_depth': 3, 'min_samples_leaf': 10}",0.6903751485316585,0.6903751485316585,0.6903751485316585,0.6903751485316585,0.6903751485316585,0.6903751485316585,0.0,1,0.6903751485316585,0.6903751485316585,0.6903751485316585,0.6903751485316585,0.6903751485316585,0.6903751485316585,0.0
0.03782649040222168,0.0035059669993973905,0.011761760711669922,0.0014905600885854328,,gini,3,50,"{'class_weight': None, 'criterion': 'gini', 'max_depth': 3, 'min_samples_leaf': 50}",0.6903751485316585,0.6903751485316585,0.6903751485316585,0.6903751485316585,0.6903751485316585,0.6903751485316585,0.0,1,0.6903751485316585,0.6903751485316585,0.6903751485316585,0.6903751485316585,0.6903751485316585,0.6903751485316585,0.0
0.05492396354675293,0.013928850666777555,0.01827688217163086,0.010779242346138633,,entropy,3,10,"{'class_weight': None, 'criterion': 'entropy', 'max_depth': 3, 'min_samples_leaf': 10}",0.6903751485316585,0.6903751485316585,0.6903751485316585,0.6903751485316585,0.6903751485316585,0.6903751485316585,0.0,1,0.6903751485316585,0.6903751485316585,0.6903751485316585,0.6903751485316585,0.6903751485316585,0.6903751485316585,0.0
0.06896390914916992,0.029035456473231833,0.019001054763793945,0.004600821278623098,,entropy,3,50,"{'class_weight': None, 'criterion': 'entropy', 'max_depth': 3, 'min_samples_leaf': 50}",0.6903751485316585,0.6903751485316585,0.6903751485316585,0.6903751485316585,0.6903751485316585,0.6903751485316585,0.0,1,0.6903751485316585,0.6903751485316585,0.6903751485316585,0.6903751485316585,0.6903751485316585,0.6903751485316585,0.0
0.053823089599609374,0.00559960444661743,0.019933080673217772,0.005462240642833838,,entropy,3,1,"{'class_weight': None, 'criterion': 'entropy', 'max_depth': 3, 'min_samples_leaf': 1}",0.6903751485316585,0.6903751485316585,0.6903751485316585,0.6903751485316585,0.6903751485316585,0.6903751485316585,0.0,1,0.6903751485316585,0.6903751485316585,0.6903751485316585,0.6903751485316585,0.6903751485316585,0.6903751485316585,0.0
0.045753765106201175,0.002420153531194615,0.01111903190612793,0.0007284790102339687,,entropy,5,50,"{'class_weight': None, 'criterion': 'entropy', 'max_depth': 5, 'min_samples_leaf': 50}",0.689619951483168,0.6879426572233126,0.6866492034182162,0.6881564341217659,0.6863554294557648,0.6877447351404454,0.0011709368534653858,7,0.6896214168670597,0.6886389825444923,0.6876261650130997,0.6886477373368759,0.6869047363102788,0.6882878076143613,0.000936167083331318
0.04817194938659668,0.002809924163935768,0.010881567001342773,0.0004385539444542617,,gini,5,50,"{'class_weight': None, 'criterion': 'gini', 'max_depth': 5, 'min_samples_leaf': 50}",0.6894730115451796,0.6874252520075175,0.6866492034182162,0.6881564341217659,0.6863554294557648,0.6876118661096887,0.001122550132317662,8,0.6896404793608522,0.6883950406339103,0.6876261650130997,0.6886477373368759,0.6869047363102788,0.6882428317310034,0.0009285808734781439
0.06321330070495605,0.028214005041674227,0.015711498260498048,0.006147015607786842,,entropy,5,10,"{'class_weight': None, 'criterion': 'entropy', 'max_depth': 5, 'min_samples_leaf': 10}",0.6895023858214042,0.6878708961277377,0.6863747690456753,0.6876575383432306,0.6863090885629489,0.6875429355801994,0.0011702246516078502,9,0.6894017658398389,0.6885102385070356,0.687546334597574,0.6886089463008433,0.6867672052148097,0.6881668980920204,0.0009145957374996537
0.08580231666564941,0.01668315199057377,0.02191295623779297,0.0026493391969854316,,entropy,5,1,"{'class_weight': None, 'criterion': 'entropy', 'max_depth': 5, 'min_samples_leaf': 1}",0.6895023858214042,0.6878708961277377,0.6863747690456753,0.6876575383432306,0.6863090885629489,0.6875429355801994,0.0011702246516078502,9,0.6894017658398389,0.6885102385070356,0.687546334597574,0.6886089463008433,0.6867672052148097,0.6881668980920204,0.0009145957374996537
0.06555242538452148,0.022193501588051133,0.015977191925048827,0.004601636217806755,,gini,5,10,"{'class_weight': None, 'criterion': 'gini', 'max_depth': 5, 'min_samples_leaf': 10}",0.6893787575150301,0.687353079454631,0.6863747690456753,0.6876575383432306,0.6863090885629489,0.6874146465843032,0.0011157170340310647,11,0.6895184498305301,0.6882660312236196,0.687546334597574,0.6886089463008433,0.6867672052148097,0.6881413934334754,0.0009351911956053998
0.05974335670471191,0.010556322035132452,0.015618896484375,0.006196177614080958,,gini,5,1,"{'class_weight': None, 'criterion': 'gini', 'max_depth': 5, 'min_samples_leaf': 1}",0.6893787575150301,0.687353079454631,0.6863747690456753,0.6876575383432306,0.6863090885629489,0.6874146465843032,0.0011157170340310647,11,0.6895184498305301,0.6882660312236196,0.687546334597574,0.6886089463008433,0.6867672052148097,0.6881413934334754,0.0009351911956053998
0.10583772659301757,0.023505235503590828,0.021187305450439453,0.004911296092872926,,gini,8,50,"{'class_weight': None, 'criterion': 'gini', 'max_depth': 8, 'min_samples_leaf': 50}",0.6773793714032758,0.6704076135751481,0.6571872498705212,0.6731265001333452,0.6301246882793018,0.6616450846523184,0.017143980124735444,13,0.6800367862959967,0.6767832089342837,0.6614420062695925,0.6769600962502507,0.6402126305544117,0.6670869456609071,0.014921723423757244
0.059588289260864256,0.0033861403430017786,0.01148395538330078,0.00033671552647531676,,gini,8,1,"{'class_weight': None, 'criterion': 'gini', 'max_depth': 8, 'min_samples_leaf': 1}",0.6767905510412504,0.6707349905770439,0.6572424842144944,0.6725994482513127,0.6302135302334864,0.6615162008635175,0.016966154970184902,14,0.6792482189101174,0.6770418410511316,0.6614470332987454,0.6768431381294322,0.6401568118258091,0.6669474086430471,0.014826484193412594
0.10684709548950196,0.039326772788487833,0.022066736221313478,0.0033233520796143723,,gini,8,10,"{'class_weight': None, 'criterion': 'gini', 'max_depth': 8, 'min_samples_leaf': 10}",0.6767905510412504,0.6707349905770439,0.6572424842144944,0.6725994482513127,0.6302135302334864,0.6615162008635175,0.016966154970184902,14,0.6792482189101174,0.6770418410511316,0.6614470332987454,0.6768431381294322,0.6401568118258091,0.6669474086430471,0.014826484193412594
0.060085391998291014,0.003761334978775109,0.012466716766357421,0.0028709478662381142,,entropy,8,50,"{'class_weight': None, 'criterion': 'entropy', 'max_depth': 8, 'min_samples_leaf': 50}",0.6740677738484265,0.6371716373691487,0.6571872498705212,0.6731265001333452,0.6301246882793018,0.6543355699001487,0.01806299188465795,16,0.6764053999597018,0.6445820967205645,0.6614420062695925,0.6769600962502507,0.6402126305544117,0.6599204459509043,0.015414807696586335
0.06310224533081055,0.009744890857946225,0.01155996322631836,0.0008675067766628483,,entropy,8,10,"{'class_weight': None, 'criterion': 'entropy', 'max_depth': 8, 'min_samples_leaf': 10}",0.674278038952317,0.6366378244746601,0.6572424842144944,0.6725994482513127,0.6302135302334864,0.6541942652252541,0.018081507851523067,17,0.6765338110165696,0.644517043703384,0.6614470332987454,0.6768431381294322,0.6401568118258091,0.6598995675947881,0.015443935595602807
0.06059246063232422,0.00642004126216397,0.011242341995239259,0.0001689838096781741,,entropy,8,1,"{'class_weight': None, 'criterion': 'entropy', 'max_depth': 8, 'min_samples_leaf': 1}",0.674278038952317,0.6366378244746601,0.6572424842144944,0.6725994482513127,0.6302135302334864,0.6541942652252541,0.018081507851523067,17,0.6765338110165696,0.644517043703384,0.6614470332987454,0.6768431381294322,0.6401568118258091,0.6598995675947881,0.015443935595602807
0.13653044700622557,0.011685552766674009,0.023403358459472657,0.001820082838129126,,gini,12,1,"{'class_weight': None, 'criterion': 'gini', 'max_depth': 12, 'min_samples_leaf': 1}",0.6470156196445185,0.6526748577711909,0.6407671016211941,0.6199250468457215,0.6488255679630343,0.6418416387691319,0.011613747118397907,19,0.6526061846626215,0.6585912857845313,0.6475069681015795,0.626544377617451,0.6578880912009812,0.6486273814734329,0.011745513135015194
0.1369304656982422,0.0035611153753513595,0.024185895919799805,0.002901623610649113,,gini,12,10,"{'class_weight': None, 'criterion': 'gini', 'max_depth': 12, 'min_samples_leaf': 10}",0.6470156196445185,0.6526748577711909,0.6407671016211941,0.6199250468457215,0.6488255679630343,0.6418416387691319,0.011613747118397907,19,0.6526061846626215,0.6585912857845313,0.6475069681015795,0.626544377617451,0.6578880912009812,0.6486273814734329,0.011745513135015194
0.10937118530273438,0.02000924348160379,0.02159252166748047,0.005420020151713928,,gini,12,50,"{'class_weight': None, 'criterion': 'gini', 'max_depth': 12, 'min_samples_leaf': 50}",0.6478460486470645,0.6519469323243451,0.6408179393460437,0.6165239770996376,0.648003848003848,0.6410277490841878,0.01276606900572913,21,0.6528949736157381,0.6580279797470785,0.647371939293407,0.6217225499122494,0.6577742528569883,0.6475583390850923,0.013490594389911346
0.06529874801635742,0.005695224073331179,0.011665153503417968,0.0003624755810168148,,entropy,12,1,"{'class_weight': None, 'criterion': 'entropy', 'max_depth': 12, 'min_samples_leaf': 1}",0.6552793549310558,0.638698545723441,0.6407671016211941,0.6199250468457215,0.6488255679630343,0.6406991234168893,0.011951497324576458,22,0.6608445957971926,0.6488250652741514,0.6475069681015795,0.626544377617451,0.6578880912009812,0.6483218195982711,0.012029195272378218
0.06663432121276855,0.003073287407393763,0.01171126365661621,0.0004596669792456677,,entropy,12,10,"{'class_weight': None, 'criterion': 'entropy', 'max_depth': 12, 'min_samples_leaf': 10}",0.6552793549310558,0.638698545723441,0.6407671016211941,0.6199250468457215,0.6488255679630343,0.6406991234168893,0.011951497324576458,22,0.6608445957971926,0.6488250652741514,0.6475069681015795,0.626544377617451,0.6578880912009812,0.6483218195982711,0.012029195272378218
0.07370557785034179,0.009099771546248862,0.011642646789550782,0.0004067103819652983,,entropy,12,50,"{'class_weight': None, 'criterion': 'entropy', 'max_depth': 12, 'min_samples_leaf': 50}",0.6550210003818251,0.6390888472537225,0.6408179393460437,0.6165239770996376,0.648003848003848,0.6398911224170154,0.012978872362561433,24,0.6604232691189212,0.6484057614181953,0.647371939293407,0.6217225499122494,0.6577742528569883,0.6471395545199522,0.013691130618664766
0.07908945083618164,0.014072225807975852,0.010236310958862304,0.001387743347263169,balanced,entropy,12,50,"{'class_weight': 'balanced', 'criterion': 'entropy', 'max_depth': 12, 'min_samples_leaf': 50}",0.49772179040471726,0.5063392499666355,0.5294005708848716,0.4890699253224711,0.5026915664252011,0.5050446206007793,0.013485102704128567,25,0.5196652442856671,0.5137085618093635,0.5404090200693362,0.5013941871803206,0.5168088142567949,0.5183971655202965,0.012647030492312384
0.08235793113708496,0.003665239303520138,0.012286806106567382,0.001047366588590503,balanced,gini,12,50,"{'class_weight': 'balanced', 'criterion': 'gini', 'max_depth': 12, 'min_samples_leaf': 50}",0.49772179040471726,0.5063392499666355,0.5294005708848716,0.4890699253224711,0.5026915664252011,0.5050446206007793,0.013485102704128567,25,0.5196652442856671,0.5137085618093635,0.5404090200693362,0.5013941871803206,0.5168088142567949,0.5183971655202965,0.012647030492312384
0.08581018447875977,0.007633632305512832,0.011926937103271484,0.0006120462731673984,balanced,gini,12,1,"{'class_weight': 'balanced', 'criterion': 'gini', 'max_depth': 12, 'min_samples_leaf': 1}",0.5040111383676987,0.507287853577371,0.529844126219744,0.4877152385489689,0.495992456388496,0.5049701626204557,0.014165712816007554,27,0.5245180871134444,0.5148917042635723,0.5410646448269832,0.5009769307236143,0.510289864819423,0.5183482463494075,0.013658327111988867
0.09200787544250488,0.011629270214666419,0.012470483779907227,0.0014331698433032879,balanced,gini,12,10,"{'class_weight': 'balanced', 'criterion': 'gini', 'max_depth': 12, 'min_samples_leaf': 10}",0.5040111383676987,0.507287853577371,0.529844126219744,0.4877152385489689,0.495992456388496,0.5049701626204557,0.014165712816007554,27,0.5245180871134444,0.5148917042635723,0.5410646448269832,0.5009769307236143,0.510289864819423,0.5183482463494075,0.013658327111988867
0.09595241546630859,0.014468088015590626,0.011231660842895508,0.00032468107866422824,balanced,entropy,12,10,"{'class_weight': 'balanced', 'criterion': 'entropy', 'max_depth': 12, 'min_samples_leaf': 10}",0.5038147681284416,0.507287853577371,0.529844126219744,0.4877152385489689,0.495992456388496,0.5049308885726044,0.01416858916468842,29,0.5240917373959582,0.5148917042635723,0.5410646448269832,0.5009769307236143,0.510289864819423,0.5182629764059101,0.013620821539263826
0.0949437141418457,0.011679627097166162,0.01506662368774414,0.006685969325651518,balanced,entropy,12,1,"{'class_weight': 'balanced', 'criterion': 'entropy', 'max_depth': 12, 'min_samples_leaf': 1}",0.5038147681284416,0.507287853577371,0.529844126219744,0.4877152385489689,0.495992456388496,0.5049308885726044,0.01416858916468842,29,0.5240917373959582,0.5148917042635723,0.5410646448269832,0.5009769307236143,0.510289864819423,0.5182629764059101,0.013620821539263826
0.08935647010803223,0.0192885356713143,0.010931968688964844,0.00025854834494033513,balanced,gini,8,1,"{'class_weight': 'balanced', 'criterion': 'gini', 'max_depth': 8, 'min_samples_leaf': 1}",0.46769623122697646,0.4279509258553684,0.49187075529944435,0.48743304491141326,0.5024905359633393,0.4754882986513083,0.02630855676766433,31,0.48013670877155895,0.43781356282530676,0.49276061776061775,0.4879744195745864,0.5103475855633686,0.4818065788990877,0.024127976363133043
0.08127532005310059,0.005767931030461477,0.011480617523193359,0.001087577194109697,balanced,gini,8,10,"{'class_weight': 'balanced', 'criterion': 'gini', 'max_depth': 8, 'min_samples_leaf': 10}",0.46769623122697646,0.4279509258553684,0.49187075529944435,0.48743304491141326,0.5024905359633393,0.4754882986513083,0.02630855676766433,31,0.48013670877155895,0.43781356282530676,0.49276061776061775,0.4879744195745864,0.5103475855633686,0.4818065788990877,0.024127976363133043
0.07974810600280761,0.0036656054291048824,0.01150217056274414,0.0008945466816298067,balanced,gini,8,50,"{'class_weight': 'balanced', 'criterion': 'gini', 'max_depth': 8, 'min_samples_leaf': 50}",0.46192348945298534,0.4286584437338206,0.49263648195081855,0.48889193636862316,0.5047001191579504,0.47536209413283964,0.02721767026811938,33,0.47527213964803866,0.438036233924716,0.4931992699975896,0.48895439569967053,0.5117121307771538,0.48143483400943377,0.02462956659301385
0.08128786087036133,0.004096084986834119,0.011329174041748047,0.0001412226321467636,balanced,entropy,8,10,"{'class_weight': 'balanced', 'criterion': 'entropy', 'max_depth': 8, 'min_samples_leaf': 10}",0.46769623122697646,0.41808609476618147,0.49187075529944435,0.48743304491141326,0.5024905359633393,0.473515332433471,0.029921393737701963,34,0.48013670877155895,0.4278844318919125,0.49276061776061775,0.4879744195745864,0.5103475855633686,0.4798207527124088,0.027796730610906383
0.0917931079864502,0.022187655675363377,0.011828136444091798,0.0012445332665458279,balanced,entropy,8,1,"{'class_weight': 'balanced', 'criterion': 'entropy', 'max_depth': 8, 'min_samples_leaf': 1}",0.46769623122697646,0.41808609476618147,0.49187075529944435,0.48743304491141326,0.5024905359633393,0.473515332433471,0.029921393737701963,34,0.48013670877155895,0.4278844318919125,0.49276061776061775,0.4879744195745864,0.5103475855633686,0.4798207527124088,0.027796730610906383
0.07866826057434081,0.003116770646533309,0.011459922790527344,0.0004054207542598654,balanced,entropy,8,50,"{'class_weight': 'balanced', 'criterion': 'entropy', 'max_depth': 8, 'min_samples_leaf': 50}",0.46192348945298534,0.4188133364276321,0.49263648195081855,0.48889193636862316,0.5047001191579504,0.4733930726716019,0.03066318210478083,36,0.47527213964803866,0.4281192800488102,0.4931992699975896,0.48895439569967053,0.5117121307771538,0.4794514432342526,0.028186941525387418
0.06896147727966309,0.004044116161664022,0.01101527214050293,0.00046651556804963855,balanced,entropy,5,10,"{'class_weight': 'balanced', 'criterion': 'entropy', 'max_depth': 5, 'min_samples_leaf': 10}",0.43078317347632356,0.4491593862418325,0.4253456221198157,0.43372058385463214,0.4342694950702121,0.4346556521525632,0.007912705262486011,37,0.4347268578755822,0.4560313828048382,0.4202547231521028,0.4368045112781955,0.4392749357977018,0.4374184821816841,0.011420183145089198
0.06410369873046876,0.001566147038978857,0.011676454544067382,0.0012620606860855178,balanced,entropy,5,1,"{'class_weight': 'balanced', 'criterion': 'entropy', 'max_depth': 5, 'min_samples_leaf': 1}",0.43078317347632356,0.4491593862418325,0.4253456221198157,0.43372058385463214,0.4342694950702121,0.4346556521525632,0.007912705262486011,37,0.4347268578755822,0.4560313828048382,0.4202547231521028,0.4368045112781955,0.4392749357977018,0.4374184821816841,0.011420183145089198
0.06996526718139648,0.0045791800117725625,0.010547971725463868,0.0006924843820940413,balanced,entropy,5,50,"{'class_weight': 'balanced', 'criterion': 'entropy', 'max_depth': 5, 'min_samples_leaf': 50}",0.4241684467500763,0.44987165383204986,0.4264457738917012,0.42842121075559564,0.4353984939983598,0.43286111584555653,0.009297618577641584,39,0.42932932742588753,0.45673347238596174,0.4213396835151329,0.4308562105143334,0.4401990868946935,0.4356915561472018,0.012107145346259918
0.07604494094848632,0.015768254030935916,0.010944271087646484,0.00037633970863847966,balanced,gini,5,1,"{'class_weight': 'balanced', 'criterion': 'gini', 'max_depth': 5, 'min_samples_leaf': 1}",0.43078317347632356,0.4276250666260565,0.4253456221198157,0.43372058385463214,0.4342694950702121,0.43034878822940803,0.0034461563779168095,40,0.4347268578755822,0.4355214677795323,0.4202547231521028,0.4368045112781955,0.4392749357977018,0.4333164991766229,0.006710144357648426
0.06725735664367676,0.002834029007062782,0.011080503463745117,0.0006417267849403302,balanced,gini,5,10,"{'class_weight': 'balanced', 'criterion': 'gini', 'max_depth': 5, 'min_samples_leaf': 10}",0.43078317347632356,0.4276250666260565,0.4253456221198157,0.43372058385463214,0.4342694950702121,0.43034878822940803,0.0034461563779168095,40,0.4347268578755822,0.4355214677795323,0.4202547231521028,0.4368045112781955,0.4392749357977018,0.4333164991766229,0.006710144357648426
0.07086691856384278,0.00757920814930342,0.010916805267333985,0.0006804656979748721,balanced,gini,5,50,"{'class_weight': 'balanced', 'criterion': 'gini', 'max_depth': 5, 'min_samples_leaf': 50}",0.4241684467500763,0.4283867041910702,0.4264457738917012,0.42842121075559564,0.4353984939983598,0.4285641259173606,0.0037568577541694345,42,0.42932932742588753,0.4362762582364978,0.4213396835151329,0.4308562105143334,0.4401990868946935,0.431600113317309,0.006431095669637471
0.05773515701293945,0.001795650805988426,0.010654354095458984,0.0005830459076651806,balanced,gini,3,50,"{'class_weight': 'balanced', 'criterion': 'gini', 'max_depth': 3, 'min_samples_leaf': 50}",0.3409457509126411,0.2791868705706826,0.45146594165625686,0.2765564382043229,0.3820170109356015,0.346034402455901,0.06592758448688556,43,0.3526674281846258,0.285080831408776,0.44682729446385877,0.28575397009120795,0.3799670054379926,0.35005930591729223,0.06102900091741576
0.059545469284057614,0.003063345462023004,0.010367727279663086,0.0001474074496041006,balanced,gini,3,1,"{'class_weight': 'balanced', 'criterion': 'gini', 'max_depth': 3, 'min_samples_leaf': 1}",0.3409457509126411,0.2791868705706826,0.45146594165625686,0.2765564382043229,0.3820170109356015,0.346034402455901,0.06592758448688556,43,0.3526674281846258,0.285080831408776,0.44682729446385877,0.28575397009120795,0.3799670054379926,0.35005930591729223,0.06102900091741576
0.05880451202392578,0.003585022543183174,0.010540962219238281,0.0003220227879471817,balanced,gini,3,10,"{'class_weight': 'balanced', 'criterion': 'gini', 'max_depth': 3, 'min_samples_leaf': 10}",0.3409457509126411,0.2791868705706826,0.45146594165625686,0.2765564382043229,0.3820170109356015,0.346034402455901,0.06592758448688556,43,0.3526674281846258,0.285080831408776,0.44682729446385877,0.28575397009120795,0.3799670054379926,0.35005930591729223,0.06102900091741576
0.05707855224609375,0.0043808899594875595,0.010974311828613281,0.0007520800097773778,balanced,entropy,3,50,"{'class_weight': 'balanced', 'criterion': 'entropy', 'max_depth': 3, 'min_samples_leaf': 50}",0.3409457509126411,0.2791868705706826,0.45146594165625686,0.2765564382043229,0.3820170109356015,0.346034402455901,0.06592758448688556,43,0.3526674281846258,0.285080831408776,0.44682729446385877,0.28575397009120795,0.3799670054379926,0.35005930591729223,0.06102900091741576
0.05742001533508301,0.005155038610656904,0.010367107391357423,0.00025746828428582633,balanced,entropy,3,1,"{'class_weight': 'balanced', 'criterion': 'entropy', 'max_depth': 3, 'min_samples_leaf': 1}",0.3409457509126411,0.2791868705706826,0.45146594165625686,0.2765564382043229,0.3820170109356015,0.346034402455901,0.06592758448688556,43,0.3526674281846258,0.285080831408776,0.44682729446385877,0.28575397009120795,0.3799670054379926,0.35005930591729223,0.06102900091741576
0.059368562698364255,0.00666757202558091,0.011933994293212891,0.0024032726618606,balanced,entropy,3,10,"{'class_weight': 'balanced', 'criterion': 'entropy', 'max_depth': 3, 'min_samples_leaf': 10}",0.3409457509126411,0.2791868705706826,0.45146594165625686,0.2765564382043229,0.3820170109356015,0.346034402455901,0.06592758448688556,43,0.3526674281846258,0.285080831408776,0.44682729446385877,0.28575397009120795,0.3799670054379926,0.35005930591729223,0.06102900091741576
