Model,Volume_Available,Day,Index_399001.SZ,Index_IXIC,Index_TWII,Actual_Target,Predicted_Target,Probability_Up,Prediction_Correct
KNN,1,1.6279570542572226,0,0,0,1,1,0.6129032258064516,True
KNN,1,1.742789333474757,0,0,0,1,1,0.5161290322580645,True
KNN,1,-1.7021790430512806,0,0,0,0,0,0.4838709677419355,True
KNN,1,-1.587346763833746,0,0,0,0,1,0.5806451612903226,False
KNN,1,-1.4725144846162117,0,0,0,1,1,0.5483870967741935,True
KNN,1,-1.1280176469636076,0,0,0,1,1,0.6129032258064516,True
KNN,1,-1.013185367746073,0,0,0,1,1,0.6774193548387096,True
KNN,1,-0.8983530885285385,0,0,0,1,0,0.4516129032258064,False
KNN,1,-0.7835208093110039,0,0,0,1,1,0.7741935483870968,True
KNN,1,-0.6686885300934693,0,0,0,1,1,0.5483870967741935,True
KNN,1,-0.3241916924408655,0,0,0,0,0,0.4193548387096774,True
KNN,1,-0.2093594132233309,0,0,0,0,1,0.5483870967741935,False
KNN,1,-0.0945271340057963,0,0,0,0,0,0.4838709677419355,True
KNN,1,0.0203051452117382,0,0,0,0,1,0.5161290322580645,False
KNN,1,0.1351374244292728,0,0,0,1,0,0.4516129032258064,False
KNN,1,0.4796342620818766,0,0,0,1,0,0.4516129032258064,False
KNN,1,0.5944665412994112,0,0,0,1,1,0.6129032258064516,True
KNN,1,0.7092988205169458,0,0,0,0,0,0.4193548387096774,True
KNN,1,0.8241310997344804,0,0,0,1,1,0.6129032258064516,True
KNN,1,0.938963378952015,0,0,0,0,0,0.3548387096774194,True
Decision Tree,1,1.6279570542572226,0,0,0,1,1,0.632895559724828,True
Decision Tree,1,1.742789333474757,0,0,0,1,1,0.5851619644723093,True
Decision Tree,1,-1.7021790430512806,0,0,0,0,1,0.5754019991308127,False
Decision Tree,1,-1.587346763833746,0,0,0,0,1,0.5192674452020796,False
Decision Tree,1,-1.4725144846162117,0,0,0,1,1,0.5192674452020796,True
Decision Tree,1,-1.1280176469636076,0,0,0,1,1,0.5192674452020796,True
Decision Tree,1,-1.013185367746073,0,0,0,1,1,0.5192674452020796,True
Decision Tree,1,-0.8983530885285385,0,0,0,1,1,0.5192674452020796,True
Decision Tree,1,-0.7835208093110039,0,0,0,1,1,0.5192674452020796,True
Decision Tree,1,-0.6686885300934693,0,0,0,1,1,0.5192674452020796,True
Decision Tree,1,-0.3241916924408655,0,0,0,0,1,0.5192674452020796,False
Decision Tree,1,-0.2093594132233309,0,0,0,0,1,0.5192674452020796,False
Decision Tree,1,-0.0945271340057963,0,0,0,0,1,0.5192674452020796,False
Decision Tree,1,0.0203051452117382,0,0,0,0,1,0.5192674452020796,False
Decision Tree,1,0.1351374244292728,0,0,0,1,1,0.5192674452020796,True
Decision Tree,1,0.4796342620818766,0,0,0,1,1,0.5192674452020796,True
Decision Tree,1,0.5944665412994112,0,0,0,1,1,0.5192674452020796,True
Decision Tree,1,0.7092988205169458,0,0,0,0,1,0.5192674452020796,False
Decision Tree,1,0.8241310997344804,0,0,0,1,1,0.5192674452020796,True
Decision Tree,1,0.938963378952015,0,0,0,0,1,0.5192674452020796,False
