mean_fit_time,std_fit_time,mean_score_time,std_score_time,param_learning_rate,param_max_depth,param_n_estimators,params,split0_test_score,split1_test_score,split2_test_score,split3_test_score,split4_test_score,mean_test_score,std_test_score,rank_test_score,split0_train_score,split1_train_score,split2_train_score,split3_train_score,split4_train_score,mean_train_score,std_train_score
0.7195612907409668,0.16021404007774465,0.012611150741577148,0.003246692392017646,0.05,1,50,"{'learning_rate': 0.05, 'max_depth': 1, 'n_estimators': 50}",0.6903751485316585,0.6903751485316585,0.6903751485316585,0.6903751485316585,0.6903751485316585,0.6903751485316585,0.0,1,0.6903751485316585,0.6903751485316585,0.6903751485316585,0.6903751485316585,0.6903751485316585,0.6903751485316585,0.0
1.0530426979064942,0.00867521703584797,0.013275814056396485,0.0001793829067371005,0.05,1,100,"{'learning_rate': 0.05, 'max_depth': 1, 'n_estimators': 100}",0.6903751485316585,0.6903751485316585,0.6903751485316585,0.6903751485316585,0.6903751485316585,0.6903751485316585,0.0,1,0.6903751485316585,0.6903751485316585,0.6903751485316585,0.6903751485316585,0.6903751485316585,0.6903751485316585,0.0
0.5307691097259521,0.011757608458850901,0.00993504524230957,0.00022892482671712787,0.1,1,50,"{'learning_rate': 0.1, 'max_depth': 1, 'n_estimators': 50}",0.6903751485316585,0.6903751485316585,0.6903751485316585,0.6903751485316585,0.6903751485316585,0.6903751485316585,0.0,1,0.6903751485316585,0.6903751485316585,0.6903751485316585,0.6903751485316585,0.6903751485316585,0.6903751485316585,0.0
0.9155750751495362,0.18890113319495086,0.017909765243530273,0.0035238724758480996,0.05,2,50,"{'learning_rate': 0.05, 'max_depth': 2, 'n_estimators': 50}",0.6903751485316585,0.6903751485316585,0.6879651013600205,0.6903751485316585,0.6878719123250139,0.6893924918560019,0.0012038644578784648,4,0.6903751485316585,0.6903751485316585,0.6886136601852446,0.6903751485316585,0.6886367767667155,0.6896751765093871,0.000857318310534594
1.0675320625305176,0.01164222316849618,0.013941478729248048,0.0004345229826207961,0.1,1,100,"{'learning_rate': 0.1, 'max_depth': 1, 'n_estimators': 100}",0.6867206581822857,0.6890613010486828,0.6879651013600205,0.682952182952183,0.688756992185832,0.6870912471458007,0.0022220993985475595,5,0.6885119506553585,0.6893782024650326,0.6886136601852446,0.6840016481967427,0.6889818391344246,0.6878974601273606,0.001971616972547777
1.0274439811706544,0.2260140624909182,0.016557931900024414,0.0028629360796153976,0.1,2,50,"{'learning_rate': 0.1, 'max_depth': 2, 'n_estimators': 50}",0.6851300634140028,0.6854577631976518,0.6870754149109983,0.6844136137004119,0.6863497263049007,0.6856853163055932,0.0009328588839162348,6,0.6865010799136069,0.6862988421404754,0.6868493298164396,0.6844905877125487,0.6863916793178074,0.6861063037801756,0.0008290940254213189
1.991378116607666,0.5852802370423289,0.021384763717651366,0.00035244954626811447,0.05,2,100,"{'learning_rate': 0.05, 'max_depth': 2, 'n_estimators': 100}",0.6851300634140028,0.6843951665295163,0.6868756458835688,0.684320194478208,0.6787958690397715,0.6839033878690136,0.002714456600839968,7,0.6865010799136069,0.6857526328891967,0.6866402173444306,0.6843509959640672,0.6807663980829055,0.6848022648388413,0.002175274951411736
1.27504563331604,0.27555653992446755,0.022173690795898437,0.004584529521207474,0.05,3,50,"{'learning_rate': 0.05, 'max_depth': 3, 'n_estimators': 50}",0.6850203129051776,0.6729565372920766,0.687124978570204,0.6853783099437792,0.6826498973754312,0.6826260072173337,0.005040790268080882,8,0.6862242414408567,0.6766493201275809,0.6883093197154843,0.6878121609864556,0.6840786262203626,0.6846147336981481,0.004247334384181708
1.2762500762939453,0.2422939278318588,0.02224001884460449,0.0047397451923371185,0.1,3,50,"{'learning_rate': 0.1, 'max_depth': 3, 'n_estimators': 50}",0.6780684998445204,0.6696537678207739,0.6728135350461015,0.6789072201525634,0.6591536123451017,0.6717193270418121,0.007146171206200254,9,0.6785829200368361,0.6736570341516441,0.6767410268212999,0.6791652791652791,0.6644851402994145,0.6745262800948947,0.0053751617642251006
2.295755481719971,0.3217579521134359,0.03275961875915527,0.0046233306896504844,0.05,3,100,"{'learning_rate': 0.05, 'max_depth': 3, 'n_estimators': 100}",0.6746739568861202,0.6696509314523422,0.6704202513400297,0.6783558238636364,0.6614876494394567,0.670917722596317,0.0056606212326883905,10,0.6759421976964147,0.6740259005824804,0.6747725860218091,0.6789380137747167,0.6665426515213171,0.6740442699193475,0.00410745466526991
1.5788844585418702,0.010975123522964382,0.02266378402709961,0.00028671110069290626,0.1,2,100,"{'learning_rate': 0.1, 'max_depth': 2, 'n_estimators': 100}",0.6721827502473244,0.6673944687045124,0.6752091119416266,0.6800142058066234,0.6589963051307235,0.6707593683661621,0.007171756497961587,11,0.6750824749208914,0.6718549111968234,0.6776586974443528,0.6766813702069977,0.6620500883154558,0.6726655084169042,0.005661184000645103
2.2982425689697266,0.37334402715623166,0.032991552352905275,0.004642884627049247,0.1,3,100,"{'learning_rate': 0.1, 'max_depth': 3, 'n_estimators': 100}",0.6656182062075027,0.6587145663766489,0.6584246511192282,0.6546396698973227,0.6513897526670813,0.6577573692535568,0.004762789924098079,12,0.6671600027750156,0.6647020990469509,0.6631902849223686,0.6539856377740951,0.6577218093622309,0.6613519667761322,0.00481200431876456
