mean_fit_time,std_fit_time,mean_score_time,std_score_time,param_n_neighbors,param_p,param_weights,params,split0_test_score,split1_test_score,split2_test_score,split3_test_score,split4_test_score,mean_test_score,std_test_score,rank_test_score,split0_train_score,split1_train_score,split2_train_score,split3_train_score,split4_train_score,mean_train_score,std_train_score
0.07507719993591308,0.01306148545132109,0.5782076835632324,0.055865835411744155,31,2,distance,"{'n_neighbors': 31, 'p': 2, 'weights': 'distance'}",0.5748295518050743,0.5943976067446288,0.5947575219333656,0.5807845744680851,0.5768060407979263,0.5843150591498161,0.008596828755670149,1,0.5866971135771871,0.5984892661956359,0.6020541751582471,0.5902799861735223,0.5753254102999434,0.5905691902809072,0.00940299872648129
0.07329320907592773,0.013587422335667733,0.6004058361053467,0.03470287669475027,31,1,distance,"{'n_neighbors': 31, 'p': 1, 'weights': 'distance'}",0.5748295518050743,0.5943976067446288,0.5947575219333656,0.5807845744680851,0.5768060407979263,0.5843150591498161,0.008596828755670149,1,0.5866971135771871,0.5984892661956359,0.6020541751582471,0.5902799861735223,0.5753254102999434,0.5905691902809072,0.00940299872648129
0.08400201797485352,0.014362682584345874,0.6743086338043213,0.13444557958506634,31,2,uniform,"{'n_neighbors': 31, 'p': 2, 'weights': 'uniform'}",0.5748295518050743,0.5943976067446288,0.5944432479000646,0.5804160887656034,0.5764871722582464,0.5841147334947235,0.008608018986424347,3,0.5866971135771871,0.5984892661956359,0.6018848563404623,0.5899525436860965,0.5751369407368615,0.5904321441072486,0.009425556212870865
0.06447577476501465,0.000723027791462972,0.6244868278503418,0.10283821655871983,31,1,uniform,"{'n_neighbors': 31, 'p': 1, 'weights': 'uniform'}",0.5748295518050743,0.5943976067446288,0.5944432479000646,0.5804160887656034,0.5764871722582464,0.5841147334947235,0.008608018986424347,3,0.5866971135771871,0.5984892661956359,0.6018848563404623,0.5899525436860965,0.5751369407368615,0.5904321441072486,0.009425556212870865
0.06735029220581054,0.002912417462568558,0.5468497753143311,0.060240369238518984,5,1,uniform,"{'n_neighbors': 5, 'p': 1, 'weights': 'uniform'}",0.5416014449127032,0.574194283111263,0.4999333066559957,0.5836072881261493,0.5576050444928988,0.551388273459802,0.029462596104762716,5,0.5496899563977611,0.577638347182183,0.4968397819616761,0.5854510401095293,0.5584579515585322,0.5536154154419364,0.03115426195307885
0.07254023551940918,0.012920924929065745,0.6001438140869141,0.17995311454243826,5,1,distance,"{'n_neighbors': 5, 'p': 1, 'weights': 'distance'}",0.5416014449127032,0.574194283111263,0.4999333066559957,0.5836072881261493,0.5576050444928988,0.551388273459802,0.029462596104762716,5,0.5496899563977611,0.577638347182183,0.4968397819616761,0.5854510401095293,0.5584579515585322,0.5536154154419364,0.03115426195307885
0.07652125358581544,0.014479404482736942,0.5655220031738282,0.1757692761451976,5,2,uniform,"{'n_neighbors': 5, 'p': 2, 'weights': 'uniform'}",0.5416014449127032,0.574194283111263,0.4999333066559957,0.5836072881261493,0.5576050444928988,0.551388273459802,0.029462596104762716,5,0.5496899563977611,0.577638347182183,0.4968397819616761,0.5854510401095293,0.5584579515585322,0.5536154154419364,0.03115426195307885
0.07011008262634277,0.005428438049520257,0.5169249057769776,0.09234167686433109,5,2,distance,"{'n_neighbors': 5, 'p': 2, 'weights': 'distance'}",0.5416014449127032,0.574194283111263,0.4999333066559957,0.5836072881261493,0.5576050444928988,0.551388273459802,0.029462596104762716,5,0.5496899563977611,0.577638347182183,0.4968397819616761,0.5854510401095293,0.5584579515585322,0.5536154154419364,0.03115426195307885
0.07484126091003418,0.013035861569412797,0.5246825218200684,0.05343978179002192,15,2,distance,"{'n_neighbors': 15, 'p': 2, 'weights': 'distance'}",0.5235,0.5370890871318588,0.5432427525267809,0.5185839591089796,0.5618577648766327,0.5368547127288504,0.015350461819981802,9,0.5300768882858435,0.5399608063560545,0.5418885609080674,0.5284244038519126,0.5682660030096076,0.5417233324822971,0.014283895285508755
0.08115506172180176,0.023396061853303726,0.5955795764923095,0.17492751969038,15,2,uniform,"{'n_neighbors': 15, 'p': 2, 'weights': 'uniform'}",0.5235,0.5370890871318588,0.5432427525267809,0.5185839591089796,0.5618577648766327,0.5368547127288504,0.015350461819981802,9,0.5300768882858435,0.5399608063560545,0.5418885609080674,0.5284244038519126,0.5682660030096076,0.5417233324822971,0.014283895285508755
0.0782461166381836,0.01712993003317983,0.6513662338256836,0.1963079858039587,15,1,distance,"{'n_neighbors': 15, 'p': 1, 'weights': 'distance'}",0.5235,0.5370890871318588,0.5432427525267809,0.5185839591089796,0.5618577648766327,0.5368547127288504,0.015350461819981802,9,0.5300768882858435,0.5399608063560545,0.5418885609080674,0.5284244038519126,0.5682660030096076,0.5417233324822971,0.014283895285508755
0.07533345222473145,0.007979605645295939,0.6639234542846679,0.2195804314812267,15,1,uniform,"{'n_neighbors': 15, 'p': 1, 'weights': 'uniform'}",0.5235,0.5370890871318588,0.5432427525267809,0.5185839591089796,0.5618577648766327,0.5368547127288504,0.015350461819981802,9,0.5300768882858435,0.5399608063560545,0.5418885609080674,0.5284244038519126,0.5682660030096076,0.5417233324822971,0.014283895285508755
